image_path,lat,lon,bridges_any,bridges_damage,buildings_affected,buildings_any,buildings_destroyed,buildings_major,buildings_minor,debris_any,flooding_any,flooding_structures,roads_any,roads_damage,trees_any,trees_damage,water_any
D:\ladidataset\ladi_v2_resized\v2\images_resized\9099\615177\DSC_3534_14bb54dc-665c-4f21-bd7f-84e5d5d046ae.jpg,37.37454011884736,-122.46857081431328,0.0008297528838738799,0.0003325595462229103,0.9578089118003845,0.9744904637336731,0.16191057860851288,0.2338094264268875,0.6207859516143799,0.6780156493186951,0.0028089683037251234,0.001959884772077203,0.5953298807144165,0.038881298154592514,0.9989014863967896,0.9971858859062195,0.01626765914261341
D:\ladidataset\ladi_v2_resized\v2\images_resized\9073\613937\DSC_1684_8186e23e-2a42-4373-aea0-159007bf5da2.jpg,37.95071430640992,-121.86358958873622,0.11651717126369476,8.023769623832777e-06,0.025443455204367638,0.9998836517333984,7.18501178198494e-05,1.1366991202521604e-05,8.49780481075868e-05,0.0007968642748892307,0.11846056580543518,0.00023873693135101348,0.9999982118606567,0.0007057017646729946,0.9994468092918396,0.00030685917590744793,0.9999344348907471
D:\ladidataset\ladi_v2_resized\v2\images_resized\9213\618222\0_000_03e1574b5e-19ed-4149-9edc-1a367921308a.jpg,37.7319939418114,-122.18564401892368,0.0029269780497998,0.016356568783521652,0.003011235035955906,0.004596094600856304,0.00752601632848382,0.0020164032466709614,0.003979392349720001,0.009154224768280983,0.031691938638687134,0.002996515017002821,0.011605508625507355,0.0036477278918027878,0.3657650947570801,0.3674186170101166,0.7935590744018555
D:\ladidataset\ladi_v2_resized\v2\images_resized\2016\70331\DSC_0479_88a7bb0b-749b-4b33-9429-39e0e6e0d9bd.jpg,37.59865848419704,-121.9914293088353,0.0008746826788410544,0.0002563200250733644,0.003874693065881729,0.09672210365533829,0.0005042105331085622,0.00028175266925245523,0.00035872121225111187,0.0012331475736573339,0.021538589149713516,0.0002842744579538703,0.9988375306129456,0.00419124960899353,0.999321460723877,0.039435502141714096,0.5309019684791565
D:\ladidataset\ladi_v2_resized\v2\images_resized\CAP_-_TS_Fiona_Sept_2022\Source\22-1-5800\A0021\1_000_00_005.jpg,37.15601864044244,-121.5924335260739,2.2154446924105287e-05,9.88624833553331e-06,0.00037593336310237646,0.9998148083686829,0.0001283768651774153,3.500422099023126e-05,0.0005216514691710472,0.0003409696219023317,2.166216836485546e-05,8.926014743337873e-06,0.9810062646865845,1.1463398550404236e-05,0.9724535346031189,0.0003863322199322283,0.04889579489827156
D:\ladidataset\ladi_v2_resized\v2\images_resized\1013\20195\DSC_0401_bf89e9a8-90ad-40c1-ab4f-b67bf6c3cc21.jpg,37.1559945203362,-122.25070777085112,0.0030988850630819798,0.00013390075764618814,0.2956113815307617,0.4128146469593048,0.0006830751663073897,0.00010589738667476922,0.0008315416635014117,0.0041548884473741055,0.1678064465522766,0.1802346408367157,0.017323758453130722,0.0019819980952888727,0.9994226694107056,0.915174126625061,0.9999868869781494
D:\ladidataset\ladi_v2_resized\v2\images_resized\9074\613734\ALW_3496_a0254272-5171-479f-bdfd-353947185441.jpg,37.0580836121682,-122.08961707696436,0.017339017242193222,0.006103121675550938,0.0023540793918073177,0.02055053599178791,0.0002754358574748039,0.0011944632278755307,0.007428418844938278,0.0016668093157932162,0.807610809803009,0.025150474160909653,0.9484667778015137,0.033464204519987106,0.9994403719902039,0.01608109287917614,0.9595580697059631
D:\ladidataset\ladi_v2_resized\v2\images_resized\9188\617487\DSC_05860586a2a2-6c73-4777-8e40-756cb9959475.jpg,37.866176145774936,-121.74444886145696,0.0001296958653256297,0.00017412443412467837,0.10906976461410522,0.9811993837356567,0.1111675575375557,0.07917007803916931,0.13109110295772552,0.37321868538856506,0.028798459097743034,0.0015257841441780329,0.5315209627151489,0.11808474361896515,0.998058021068573,0.12641316652297974,0.09591086953878403
D:\ladidataset\ladi_v2_resized\v2\images_resized\CAP_-_Hur_Ian_Sept_2022\Source\23-1-3141\A0024A\0_000_13_066.jpg,37.60111501174321,-122.27120183450836,0.00010462416685186327,0.0005172894452698529,0.19879616796970367,0.9991278052330017,0.0004931584699079394,0.0015828454634174705,0.0019198029767721891,0.012959389947354794,0.002784374402835965,0.00012156738375779241,0.9998494386672974,0.0011492649791762233,0.9996557235717773,0.07808841019868851,0.9506053924560547
D:\ladidataset\ladi_v2_resized\v2\images_resized\CAP_-_Hur_Ian_Sept_2022\Source\23-1-3472\A0003\0_000_04_079.jpg,37.708072577796045,-122.4230200901712,5.263339699013159e-05,7.487000402761623e-05,0.20203480124473572,0.9997168183326721,0.005591422785073519,0.001261914032511413,0.019184386357665062,0.005827283952385187,0.011933460831642151,0.0007157636573538184,0.9947054982185364,0.03457392752170563,0.9983828067779541,0.07808597385883331,0.6746955513954163
D:\ladidataset\ladi_v2_resized\v2\images_resized\9132\615935\DSC_1452_bfaa2a32-5c2d-4d2e-aec8-e6516c590d06.jpg,37.02058449429581,-122.21024854708624,0.9997732043266296,0.025601515546441078,0.684581458568573,0.9048976898193359,0.0003751330659724772,0.002033746335655451,0.0008785478421486914,0.00043257084325887263,0.942351222038269,0.5120248198509216,0.9985670447349548,0.10610835254192352,0.9979016780853271,0.7586863040924072,0.9980111122131348
D:\ladidataset\ladi_v2_resized\v2\images_resized\CAP_-_Hur_Ian_Sept_2022\Source\23-1-3472\A0051\0_000_05_188.jpg,37.969909852162,-122.338778712746,0.0017630617367103696,2.3795861125108786e-05,0.18049614131450653,0.9999383687973022,0.004184913821518421,0.003748704446479678,0.032194834202528,0.05144045874476433,0.009062112309038639,0.0002945327723864466,0.9999276399612427,0.018430083990097046,0.9992412328720093,0.046026647090911865,0.9985135197639465
D:\ladidataset\ladi_v2_resized\v2\images_resized\9188\617480\DSC_0866ff009a2d-896f-4887-a026-115d70727144.jpg,37.83244264080042,-121.57030234765745,0.02086954563856125,0.00023786468955222517,0.022516438737511635,0.9999803304672241,0.000802338239736855,0.00603753887116909,0.015152729116380215,0.013089768588542938,0.016123171895742416,0.0035242673475295305,0.9998612403869629,0.000623697938863188,0.9989092350006104,0.060987237840890884,0.8894789218902588
D:\ladidataset\ladi_v2_resized\v2\images_resized\9213\618259\0_000_132361b3a8-a67f-4952-b82c-1d92ebf4d866.jpg,37.21233911067828,-121.6918796204356,0.003651785897091031,0.001153098652139306,0.9974913597106934,0.9964781403541565,0.006601528264582157,0.002033688360825181,0.11440472304821014,0.013214344158768654,0.001988781848922372,0.00033585261553525925,0.9985361099243164,0.0016732837539166212,0.9922564029693604,0.1541464477777481,0.15187515318393707
D:\ladidataset\ladi_v2_resized\v2\images_resized\9075\614011\A0008AP-_cd356d2b-5a67-420e-b443-e2ced06a646f.jpg,37.1818249672071,-121.86659624348958,5.6615994253661484e-05,2.169654908357188e-05,0.981198251247406,0.999896764755249,0.0032565565779805183,0.05479327216744423,0.8207597732543945,0.9156210422515869,0.001873463043011725,0.0005201163003221154,0.999534010887146,0.10631909221410751,0.999935507774353,0.9997064471244812,0.01994013972580433
D:\ladidataset\ladi_v2_resized\v2\images_resized\9213\618292\1_000_180e12beba-cc24-40c9-816c-c5217d83a490.jpg,37.18340450985343,-121.62853940981228,0.0007524745888076723,0.00010507257684366778,0.8051351308822632,0.999153733253479,0.03453739359974861,0.014365567825734615,0.03307739272713661,0.052258897572755814,0.2088070511817932,0.015345421619713306,0.6375410556793213,0.0032549207098782063,0.9995040893554688,0.9163968563079834,0.9926066398620605
D:\ladidataset\ladi_v2_resized\v2\images_resized\3043\291609\DSC_0279_3d268d02-e87a-4149-83f4-5cf2149884ba.jpg,37.30424224295954,-121.69632792310088,0.0026815058663487434,0.004229584708809853,0.8955469727516174,0.999347984790802,0.0014658566797152162,0.0003886714403051883,0.00371043523773551,2.4937557100201957e-05,0.9973564147949219,0.9808902740478516,0.9213294386863708,0.3541111946105957,0.9923731684684753,0.41131845116615295,0.9846112132072449
D:\ladidataset\ladi_v2_resized\v2\images_resized\1013\20195\DSC_0177_4d171f7e-defe-4854-a138-2cfb28cbacb8.jpg,37.52475643163224,-122.31342994111397,0.0019398595904931426,0.00015086114581208676,0.011268394999206066,0.39064210653305054,6.755442154826596e-05,1.887164034997113e-05,0.0001456056343158707,3.975575509684859e-06,0.11956996470689774,0.01020948775112629,0.13249725103378296,0.002677826676517725,0.9988940358161926,0.08312318474054337,0.9991752505302429
D:\ladidataset\ladi_v2_resized\v2\images_resized\CAP_-_Hur_Ian_Sept_2022\Source\23-1-3141\A0050\0_000_02_359.jpg,37.43194501864212,-121.60744100151004,4.709476343123242e-05,4.483866359805688e-05,0.00017271887918468565,0.006758753210306168,9.162897913483903e-05,0.0004051636205986142,0.00021522319002542645,0.0006767203449271619,0.005302100908011198,0.00012390381016302854,0.5125662088394165,0.0037946305237710476,0.9975773692131042,0.0009003566228784621,0.14608541131019592
D:\ladidataset\ladi_v2_resized\v2\images_resized\CAP_-_TS_Fiona_Sept_2022\Source\22-1-5800\A0030\1_000_06_010.jpg,37.29122914019804,-121.96065775808437,0.00024438771652057767,0.0005544032901525497,0.03943733498454094,0.9890985488891602,0.003877894952893257,0.022830544039607048,0.07484382390975952,0.00999288260936737,0.00015735835768282413,0.0002171440573874861,0.9944947361946106,0.00040061568142846227,0.8751370906829834,0.0009175669401884079,0.49741318821907043
D:\ladidataset\ladi_v2_resized\v2\images_resized\CAP_-_Hur_Ian_Sept_2022\Source\23-1-3141\A0001\1_000_01_344.jpg,37.61185289472238,-121.69255984483594,0.000535170896910131,1.0344917427573819e-05,0.00017347696120850742,0.0890352800488472,3.556791853043251e-05,0.00041874675662256777,3.6446130252443254e-05,0.0016300249844789505,8.269793033832684e-05,7.092496048244357e-07,0.9641807675361633,0.00022514097508974373,0.9999755620956421,0.019643178209662437,0.9620373845100403
D:\ladidataset\ladi_v2_resized\v2\images_resized\CAP_-_Hur_Ian_Sept_2022\Source\23-1-3472\A0028\0_000_04_273.jpg,37.13949386065204,-121.6039087000765,0.000875769357662648,0.0005991374491713941,0.005167240742594004,0.6206936836242676,0.0034562156070023775,0.0021429851185530424,0.0007671951898373663,0.00045161490561440587,0.003901817835867405,7.210161129478365e-05,0.9629225730895996,0.00090323033509776,0.9858932495117188,0.001671632518991828,0.09760962426662445
D:\ladidataset\ladi_v2_resized\v2\images_resized\9075\614011\A0008AP-_c0b66942-7c31-414e-b263-f6bc2b9ef810.jpg,37.29214464853522,-122.18199652502814,0.0006950930110178888,0.0022385516203939915,0.013988076709210873,0.029735995456576347,0.04865800589323044,0.0013326742919161916,0.02139279432594776,0.03694551810622215,0.31754159927368164,0.005576079711318016,0.048665206879377365,0.02037721872329712,0.4245767891407013,0.06283897906541824,0.9929949641227722
D:\ladidataset\ladi_v2_resized\v2\images_resized\CAP_-_Hur_Ian_Sept_2022\Source\23-1-3141\A0001\0_000_01_154.jpg,37.36636184329369,-122.38994807547232,0.0008863152470439672,7.31714753783308e-05,0.03352620080113411,0.9999909400939941,0.00010431931877974421,0.0001828359963838011,5.300138582242653e-05,0.0013106095138937235,0.3549973666667938,0.0009992321720346808,0.9995390176773071,0.06674747914075851,0.9999592304229736,0.014212881214916706,0.9966554641723633
D:\ladidataset\ladi_v2_resized\v2\images_resized\9073\613556\DSC_0050_4461fe3b-a35d-4087-8e38-1ccbb1cfad37.jpg,37.45606998421704,-122.27206483745806,0.9990825653076172,0.008802426047623158,0.0025304516311734915,0.15820057690143585,0.0018860857235267758,0.0019099223427474499,0.0005038371891714633,0.008471265435218811,0.29846134781837463,0.02001711167395115,0.9629154205322266,0.0021371422335505486,0.9024525880813599,0.10381819307804108,0.9949047565460205
D:\ladidataset\ladi_v2_resized\v2\images_resized\3045\291572\DSC_0845_9f82ab85-820e-4c2d-b33c-9832c87a7619.jpg,37.785175961393016,-122.07289221137374,0.0013504191301763058,0.0004972246242687106,0.00368608720600605,0.008982817642390728,0.0006347122834995389,0.0001467081456212327,0.0013433779822662473,0.000611612165812403,0.08143088221549988,0.0024504540488123894,0.010175466537475586,0.01767154224216938,0.9998319149017334,0.1328125298023224,0.253383606672287
D:\ladidataset\ladi_v2_resized\v2\images_resized\9099\615279\DSC_0505_6afeabdd-5653-4d5b-8a02-0e48097486d0.jpg,37.19967378215836,-121.6819852340775,0.006192820146679878,2.1862129869987257e-05,0.9620169401168823,0.9989731311798096,0.009650795720517635,0.023465311154723167,0.7214678525924683,0.9610629081726074,0.00023589684860780835,0.0004938567872159183,0.9996188879013062,0.00010911030403804034,0.9838427305221558,0.9684686064720154,0.9598819613456726
D:\ladidataset\ladi_v2_resized\v2\images_resized\CAP_-_HI_Wildfires_Aug_2023\Source\23-C-5605\A0002_WALDO_AerialNadir\0_000_01_022.jpg,37.51423443841361,-121.63926941674366,0.011165603995323181,0.002369333989918232,9.135720756603405e-05,0.003241859143599868,0.006756794173270464,0.0006101266480982304,0.011071138083934784,0.010709245689213276,0.004081201273947954,0.0005491278716363013,0.018960045650601387,0.014654266647994518,0.3861100673675537,0.7116041779518127,0.049353908747434616
D:\ladidataset\ladi_v2_resized\v2\images_resized\9073\613935\DSC_0732_044b929e-5843-45c7-a60a-54505d92fa4a.jpg,37.59241456886204,-122.4930478694688,0.002314341953024268,0.00038285888149403036,0.007688218727707863,0.9999347925186157,0.000655629497487098,0.0037270907778292894,0.0023457410279661417,0.00042150093941017985,0.00982080027461052,0.00036133331013843417,0.999163031578064,0.0009274220792576671,0.9996064305305481,0.0052207768894732,0.3721642792224884
D:\ladidataset\ladi_v2_resized\v2\images_resized\CAP_-_Hur_Ian_Sept_2022\Source\23-1-3472\A0004\1_000_12_165.jpg,37.04645041272,-121.98925269742244,0.002486808691173792,0.0010650143958628178,0.0012974030105397105,0.007566943299025297,0.00049374665832147,0.0006129967514425516,0.0006887701456435025,0.0032779548782855272,0.0018671216676011682,0.0004990895977243781,0.2617354393005371,0.0028826456982642412,0.986903190612793,0.05166863650083542,0.013999471440911293
D:\ladidataset\ladi_v2_resized\v2\images_resized\CAP_-_Hur_Idalia_Aug_2023\Source\23-1-5699\A03_AerialOblique\DSC_1517.JPG,37.60754485190144,-122.0825889968512,0.12063782662153244,0.0025740123819559813,0.050494685769081116,0.9907498955726624,0.0018702007364481688,0.0011739899637177587,0.06370667368173599,0.0022269778419286013,0.09243345260620117,0.06824283301830292,0.7036883234977722,0.018134143203496933,0.8815662264823914,0.0010419684695079923,0.9969105124473572
D:\ladidataset\ladi_v2_resized\v2\images_resized\9213\618292\0_000_166c01dfd1-5563-4753-bfb9-851cff33f3ee.jpg,37.170524123687294,-122.27789218952928,0.001430018455721438,3.9761893276590854e-05,0.2825421392917633,0.9998531341552734,0.00018447313050273806,0.002294586505740881,0.016291171312332153,0.06419311463832855,0.00018715282203629613,5.746096940129064e-05,0.9865320324897766,0.00019616638019215316,0.9994863271713257,0.6182042956352234,0.041289083659648895
D:\ladidataset\ladi_v2_resized\v2\images_resized\9213\618234\1_000_07959561aa-ad51-403a-beaf-42efeb7fa42c.jpg,37.06505159298528,-122.38013463266633,0.0009505972848273814,5.513673386303708e-05,0.9950773119926453,0.9997250437736511,0.058112435042858124,0.251570463180542,0.525112509727478,0.7819100022315979,0.010605525225400925,0.00045443439739756286,0.9999291896820068,0.014623547904193401,0.9952056407928467,0.5664187073707581,0.9700860977172852
D:\ladidataset\ladi_v2_resized\v2\images_resized\CAP_-_PA_Storms_Aug_2023\Source\23-C-5603\A0004_AerialNadir\1_000_04_079.jpg,37.94888553725333,-122.16238482859636,0.0030295541509985924,0.0007562274113297462,0.0010475976159796119,0.9890923500061035,0.0016375232953578234,0.0027147193904966116,0.008574724197387695,0.0012751725735142827,0.0024216140154749155,0.0014389840653166175,0.9925202131271362,0.0006451811059378088,0.988944411277771,0.009540694765746593,0.022087084129452705
D:\ladidataset\ladi_v2_resized\v2\images_resized\9213\618252\0_000_12363acd40-353d-405b-a8f6-80dab66ba7cd.jpg,37.96563203307456,-121.55709029608748,0.0019790781661868095,1.9421106117079034e-05,0.004729035310447216,0.0042171115055680275,0.0036289540585130453,0.0008774314192123711,0.0005270891706459224,0.0019269291078671813,0.01440226286649704,0.00011675500718411058,0.9551122784614563,0.0008898802334442735,0.9449365139007568,0.24021108448505402,0.8806869983673096
D:\ladidataset\ladi_v2_resized\v2\images_resized\9213\618252\0_000_203d0bba25-7d88-421d-9670-498a156d1b79.jpg,37.80839734811646,-122.17679706797924,0.00034361332654953003,7.999305125849787e-06,0.0010053670266643167,0.0036281351931393147,0.0004045289533678442,0.0002329594426555559,0.003502381732687354,0.022503366693854332,0.7670202851295471,0.0003529261448420584,0.9336726665496826,0.005309152416884899,0.9995874762535095,0.8761443495750427,0.9982652068138123
D:\ladidataset\ladi_v2_resized\v2\images_resized\9213\618203\1_000_02441fe145-5756-40bc-8ce1-8742fdb7be53.jpg,37.30461376917337,-121.98120937825664,0.0006905082263983786,0.00023741921177133918,0.974349319934845,0.9998169541358948,0.17764350771903992,0.19611413776874542,0.7031338214874268,0.914371907711029,0.047548260539770126,0.003062617499381304,0.9051085114479065,0.005311381071805954,0.9386779069900513,0.39418232440948486,0.3554827868938446
D:\ladidataset\ladi_v2_resized\v2\images_resized\CAP_-_Hur_Ian_Sept_2022\Source\23-1-3141\A0023A\0_000_01_214.jpg,37.09767211400639,-121.79698104110484,0.0003703357360791415,0.0023905434645712376,0.002211182378232479,0.005082251969724894,0.00015683243691455573,0.00048710996634326875,0.00022508128313347697,0.00018502927559893578,0.05957000330090523,0.001544198370538652,0.15565885603427887,0.012872694060206413,0.9997339844703674,0.24912631511688232,0.566098690032959
D:\ladidataset\ladi_v2_resized\v2\images_resized\3045\291603\A0034162_50b7c53c-cad0-4da6-be0b-09a33c042ed0.jpg,37.68423302651216,-122.13637039762072,0.008323642425239086,0.0022416869178414345,0.0011226566275581717,0.0005255445139482617,0.0032051480375230312,0.001536510419100523,0.0001524743711343035,0.010075580328702927,0.4162822663784027,0.0005156607367098331,0.001147115253843367,0.0023978985846042633,0.9863921403884888,0.40650349855422974,0.9997890591621399
D:\ladidataset\ladi_v2_resized\v2\images_resized\CAP_-_KY_Flooding_July_2022\Source\22-1-5611\A0028\0_000_08_052.jpg,37.4401524937396,-121.52821791727904,0.0047554755583405495,0.0003385503950994462,0.0012104212073609233,0.13515733182430267,0.0002014143392443657,0.0009818676626309752,0.0006025349721312523,0.003438674146309495,0.012529094703495502,0.0038499687798321247,0.5630899667739868,0.0007362306350842118,0.9662339091300964,0.016387922689318657,0.032848846167325974
D:\ladidataset\ladi_v2_resized\v2\images_resized\9213\618256\1_000_20cea58ae1-6555-4254-b0ae-b6b371045bc6.jpg,37.12203823484478,-121.53755270505788,0.0029192259535193443,0.0004151736793573946,0.47831159830093384,0.9979445338249207,0.0017293337732553482,0.0002705921360757202,0.004065642133355141,0.010350660420954227,0.00021903860033489764,0.00011228600487811491,0.9802035093307495,0.0004689007473643869,0.7877431511878967,0.0012574224965646863,0.09718994796276093
D:\ladidataset\ladi_v2_resized\v2\images_resized\CAP_-_Hur_Ian_Sept_2022\Source\23-1-3141\A0001\1_000_05_228.jpg,37.49517691011127,-122.24821770417464,0.00022257864475250244,0.00030523771420121193,0.005863206461071968,0.00034138941555283964,0.000535920262336731,0.0004323435132391751,0.0009749755263328552,0.0010386374779045582,0.0245513916015625,0.000513767939992249,0.0008359540952369571,0.011133278720080853,0.006040850188583136,0.009288583882153034,0.9250283241271973
D:\ladidataset\ladi_v2_resized\v2\images_resized\9073\613550\DSC_1331_a62fd392-46df-4ea2-98bc-64c60ec5cf89.jpg,37.03438852111522,-122.0027514941076,0.0002593448443803936,0.00047918802010826766,0.0004615534853655845,0.0010204080026596785,0.0008809373248368502,4.171178079559468e-05,0.00039305214886553586,5.4933516366872936e-05,0.024022389203310013,0.0001885121746454388,0.007248294539749622,0.00022443712805397809,0.999859094619751,0.004161336459219456,0.010625503025949001
D:\ladidataset\ladi_v2_resized\v2\images_resized\CAP_-_Hur_Ian_Sept_2022\Source\23-1-3472\A0008\1_000_07_053.jpg,37.909320402078784,-122.19912169018323,0.035959720611572266,0.00042060608393512666,0.00010883254435611889,0.0006973711424507201,0.00028634938644245267,0.00038839143235236406,0.00025357160484418273,0.00016209525347221643,0.005912595894187689,0.00020922014664392918,0.04920552670955658,0.0014057945227250457,0.9991499185562134,0.0152744697406888,0.7722111940383911
D:\ladidataset\ladi_v2_resized\v2\images_resized\9213\618249\1_000_12442eae96-3271-4976-bed3-343fe71754f2.jpg,37.258779981600014,-122.21515950562254,0.007365145720541477,0.0005286693340167403,7.604937127325684e-05,0.006964434869587421,0.0001646680320845917,3.716210267157294e-05,4.0987575630424544e-05,7.378563896054402e-05,0.016605164855718613,2.0961395421181805e-05,0.07588900625705719,0.00044966142741031945,0.9968085885047913,0.00463846093043685,0.9925577640533447
D:\ladidataset\ladi_v2_resized\v2\images_resized\CAP_-_TS_Fiona_Sept_2022\Source\22-1-5800\A0018\0_000_08_044.jpg,37.66252228435398,-122.46311305264548,0.004095611162483692,0.0021746607962995768,0.00603058934211731,0.9972862005233765,0.0011474480852484703,0.015466514974832535,0.02227991633117199,0.019037246704101562,0.0030861750710755587,0.0020779466722160578,0.9787166714668274,0.0026732285041362047,0.6810091733932495,0.048300910741090775,0.13591322302818298
D:\ladidataset\ladi_v2_resized\v2\images_resized\9211\618172\DSC_201018494087-d59a-44ee-a04e-fb5eca0eab06.jpg,37.31171107608941,-121.8904356660201,0.001649256912060082,0.0007236993405967951,0.0005970454076305032,0.005145114380866289,0.00017092915368266404,0.0011085575679317117,0.00047641052515245974,0.0005086639430373907,0.11399835348129272,0.00015587560483254492,0.27621397376060486,0.00014020991511642933,0.999632716178894,0.5550503730773926,0.9998699426651001
D:\ladidataset\ladi_v2_resized\v2\images_resized\3041\241290\Hermine4_c76238e5-8f0b-4784-9e4f-4218e52e426c.jpg,37.52006802117781,-121.99732097677114,0.010267884470522404,0.00022472706041298807,0.5554255247116089,0.9999622106552124,0.00018765602726489305,0.0006821728311479092,0.017969777807593346,0.0030663555953651667,0.13306523859500885,0.0316530205309391,0.9999921321868896,0.013026239350438118,0.9989463686943054,0.24805444478988647,0.9989640712738037
D:\ladidataset\ladi_v2_resized\v2\images_resized\CAP_-_Hur_Ian_Sept_2022\Source\23-1-3141\A0001\0_000_05_287.jpg,37.54671027934328,-122.44852124875,6.694516741845291e-06,1.514905534349964e-06,4.181728218100034e-05,0.9995477795600891,1.4721591469424311e-05,1.3197049156588037e-05,8.228212391259149e-05,3.3843059554783395e-06,0.013920621946454048,1.5570647519780323e-05,0.9825614094734192,0.0001360254391329363,0.9974536299705505,6.711189053021371e-05,0.9932282567024231
D:\ladidataset\ladi_v2_resized\v2\images_resized\CAP_-_KY_Flooding_July_2022\Source\22-1-5611\A0027\0_000_06_100.jpg,37.18485445552552,-122.22135353576338,0.03379834070801735,0.0015561952022835612,0.0003858257259707898,0.9999336004257202,0.0022244034335017204,0.000897495832759887,0.01610720343887806,0.000681594479829073,0.0046843718737363815,0.00014047407603356987,0.999632716178894,0.0020936611108481884,0.9995208978652954,0.08178085833787918,0.013618671335279942
D:\ladidataset\ladi_v2_resized\v2\images_resized\9073\613586\DSC_1418_e171fb8f-27c6-455a-98b6-6f0b5778ece2.jpg,37.96958462776456,-121.59173411403334,0.0326153039932251,0.0012234540190547705,0.04884347692131996,0.5652294158935547,0.002034400589764118,0.00010477961041033268,0.003154417034238577,0.00025614045443944633,0.9996102452278137,0.2064373642206192,0.36374548077583313,0.19662277400493622,0.9993667006492615,0.9806215167045593,0.9995349645614624
D:\ladidataset\ladi_v2_resized\v2\images_resized\9211\618172\DSC_17757a13757d-28c8-4c9d-a0e6-aba12a5e4e86.jpg,37.77513282336111,-122.26043810933302,0.0003892936510965228,0.00023112269991543144,0.00019481517665553838,0.004864641465246677,0.00010381173342466354,0.0007177544757723808,0.0004960609949193895,0.0037755463272333145,0.11130529642105103,0.00031604073592461646,0.0045894174836575985,0.0011623245663940907,0.9520459175109863,0.4956852197647095,0.999736487865448
D:\ladidataset\ladi_v2_resized\v2\images_resized\CAP_-_Hur_Ian_Sept_2022\Source\23-1-3141\A0001\1_000_03_193.jpg,37.93949894156419,-122.35510512790876,9.241029329132289e-05,8.778457413427532e-05,0.02760043554008007,0.9977831244468689,0.0014712224947288632,0.0005045229918323457,0.007633199915289879,0.01106207724660635,0.0004643172724172473,0.00017367821419611573,0.9937542080879211,0.0031867658253759146,0.9991366267204285,0.09933178126811981,0.01437899749726057
D:\ladidataset\ladi_v2_resized\v2\images_resized\CAP_-_Hur_Ian_Sept_2022\Source\23-1-3141\A0051\1_000_08_083.jpg,37.89482735042765,-122.01054723972244,0.00236709788441658,0.001582284108735621,0.8047497868537903,0.7598145604133606,0.003539806231856346,0.0005052085034549236,0.003009088570252061,0.019972514361143112,0.9939858913421631,0.9422371983528137,0.5829421281814575,0.1561659872531891,0.9999009370803833,0.7372214198112488,0.9999349117279053
D:\ladidataset\ladi_v2_resized\v2\images_resized\2016\70332\DSC_0622_af232140-0351-43cd-b1b7-601c2f4b4f9a.jpg,37.597899978811085,-121.5143495458894,0.002969045890495181,0.0002224831550847739,0.015485471114516258,0.12393000721931458,9.508720540907234e-05,0.00040676404023543,0.0020941291004419327,0.012417064979672432,0.979282557964325,0.003952954895794392,0.03182537481188774,0.1848461925983429,0.9106287956237793,0.9206460118293762,0.9999319314956665
D:\ladidataset\ladi_v2_resized\v2\images_resized\9213\618290\1_000_047267fc06-e04d-494a-a21d-4faa71743a63.jpg,37.92187423502312,-122.2579447284885,0.0009810157353058457,0.004233900457620621,0.999840259552002,0.9969921112060547,0.33547863364219666,0.551413357257843,0.643494188785553,0.9300212264060974,0.0006614950834773481,0.000581857340876013,0.9957030415534973,0.003629676764830947,0.9910500049591064,0.8682081699371338,0.28864604234695435
D:\ladidataset\ladi_v2_resized\v2\images_resized\CAP_-_Hur_Ian_Sept_2022\Source\23-1-3141\A0024A\0_000_14_009.jpg,37.08849250205192,-121.82786445259411,0.001054651802405715,0.00022596464259549975,0.4360869228839874,0.9762136936187744,0.008601699024438858,0.05545362830162048,0.09681902825832367,0.006475004367530346,0.07084622234106064,0.0019632482435554266,0.9309309720993042,0.5189662575721741,0.9997382760047913,0.7272802591323853,0.9989172220230103
D:\ladidataset\ladi_v2_resized\v2\images_resized\CAP_-_VT_Flooding_Jul_2023\Source\23-1-5464\A0003_AerialNadir\CAP_4942.JPG,37.19598286241914,-121.73838038467127,0.03749750554561615,0.008285582065582275,0.00020613335072994232,0.004997876938432455,4.533712490228936e-05,5.906463411520235e-05,2.814547042362392e-05,0.00036292587174102664,0.020848000422120094,1.1615159564826172e-05,0.9983289837837219,0.0016218253877013922,0.997117280960083,0.005697997286915779,0.05857974290847778
D:\ladidataset\ladi_v2_resized\v2\images_resized\3045\291542\DSC_0315_b44c5644-64e4-4aeb-9893-2930c02da391.jpg,37.04522728891054,-122.2623624560076,0.022077485918998718,0.00018649229605216533,0.00016240049444604665,0.0025439017917960882,4.701040961663239e-05,8.629466174170375e-05,0.0001411431294400245,0.002074863063171506,0.0002555940009187907,0.00032944089616648853,0.0013893606374040246,3.143334106425755e-05,0.19534170627593994,0.0011438368819653988,0.9999814033508301
D:\ladidataset\ladi_v2_resized\v2\images_resized\CAP_-_Hur_Ian_Sept_2022\Source\23-1-3472\A0004\0_000_11_079.jpg,37.32533033076327,-121.77178365138812,0.029520969837903976,0.0005400967784225941,0.012057356536388397,0.050398629158735275,4.553375401883386e-05,0.0005973197403363883,0.005310308188199997,7.172711048042402e-05,0.004504497162997723,0.0102747967466712,0.9651139378547668,0.010909765027463436,0.990541398525238,0.0042867278680205345,0.9161034226417542
D:\ladidataset\ladi_v2_resized\v2\images_resized\9073\613546\DSC_0794_1ba9c85c-9bea-4fa5-8f6a-81926169a7ef.jpg,37.38867728968948,-122.13221686728076,0.016119027510285378,0.0009338469826616347,0.5818153023719788,0.9974297881126404,0.000667921791318804,0.0002902504929807037,0.0015027333283796906,0.0003459193685557693,0.9983748197555542,0.37170231342315674,0.943868100643158,0.2793457806110382,0.999964714050293,0.9869385957717896,0.9999980926513672
D:\ladidataset\ladi_v2_resized\v2\images_resized\3042\291581\DSC_2789_54222430-d03b-450e-90b9-6654f3d902d7.jpg,37.27134903177389,-121.86769416940642,0.3405212163925171,0.00012898891873192042,0.028100889176130295,0.9977443218231201,7.311686204047874e-05,0.00025392460520379245,0.02875993587076664,0.0009417111868970096,0.40489959716796875,0.27330249547958374,0.9997519850730896,0.7149621844291687,0.9993564486503601,0.1462271511554718,0.99993896484375
D:\ladidataset\ladi_v2_resized\v2\images_resized\3042\291499\DSC_9916_dccb5ea1-fb7d-41b5-90cc-5ac4d8bc35c9.jpg,37.82873750915193,-121.8664702892391,0.001139763044193387,0.003088048892095685,0.20585764944553375,0.9989480376243591,0.004654844757169485,0.01089534629136324,0.1612941026687622,0.034046512097120285,0.32131466269493103,0.04256834462285042,0.9658715724945068,0.03942259028553963,0.998004138469696,0.12642385065555573,0.49411579966545105
D:\ladidataset\ladi_v2_resized\v2\images_resized\3042\291601\DSC_6423_f53a4c82-671a-4c56-8ee4-960912eee283.jpg,37.35675332669359,-121.96422531592523,0.001988439355045557,0.00013726834731642157,0.02175954356789589,0.42267706990242004,0.00034662926918826997,0.00043664543773047626,0.0016600847011432052,0.0014673398109152913,0.000174703513039276,0.00035941030364483595,0.028220614418387413,0.00020672126265708357,0.9950956106185913,0.0009253315511159599,0.9981957077980042
D:\ladidataset\ladi_v2_resized\v2\images_resized\CAP_-_MS_Tornadoes_MAR_2023\Source\23-1-4838\A0008-B\1_000_01_061.jpg,37.28093450968738,-122.4097102299456,0.0018765793647617102,0.000420920317992568,0.006141852121800184,0.9980995059013367,0.00044607973541133106,0.000753134663682431,0.0066367825493216515,0.008691185154020786,0.002810246543958783,9.428469638805836e-05,0.9758362174034119,0.00018867815379053354,0.9951689839363098,0.0903550237417221,0.9245004057884216
D:\ladidataset\ladi_v2_resized\v2\images_resized\CAP_-_TS_Fiona_Sept_2022\Source\22-1-5800\A0006\0_000_05_049.jpg,37.54269608315825,-121.66469750441075,0.004216723144054413,0.0020821692887693644,0.015696872025728226,0.9401325583457947,0.01602652296423912,0.0103903878480196,0.019770566374063492,0.0355733186006546,0.023007819429039955,0.016292210668325424,0.9654053449630737,0.06130966544151306,0.8492189049720764,0.02096867561340332,0.0724017322063446
D:\ladidataset\ladi_v2_resized\v2\images_resized\STG_Test_10062022\Source\Jeremy\ETWaldo1\1_001_02_068 - Copy.jpg,37.14092422497476,-122.17921993502826,0.0904185101389885,0.0008112889481708407,0.0010816168505698442,0.9980840682983398,0.00017950247274711728,3.9592119719600305e-05,0.00114991154987365,0.0003546606167219579,0.00020437571220099926,0.00014581988216377795,0.9966559410095215,7.427606033161283e-05,0.9773856997489929,6.249611760722473e-05,0.25092393159866333
D:\ladidataset\ladi_v2_resized\v2\images_resized\9074\613797\DSC_0697_4ea42517-3495-419e-bdf1-bc9483474ac9.jpg,37.80219698075404,-122.31348148960016,0.8259937763214111,0.0108780637383461,0.0013576935743913054,0.6496511101722717,0.006772111169993877,0.0023795131128281355,0.002134726382791996,0.01820101961493492,0.001321134390309453,0.001793212373740971,0.7533680200576782,0.0034155547618865967,0.9746260046958923,0.0013515448663383722,0.9997417330741882
D:\ladidataset\ladi_v2_resized\v2\images_resized\9213\618263\0_000_239a7c8397-7b8f-4b49-ab0d-c5f1342f7788.jpg,37.07455064367977,-122.45922485844524,0.08938546478748322,0.0005479958490468562,0.9794963002204895,0.9999222755432129,0.022626087069511414,0.0015828830655664206,0.8144654631614685,0.4179143011569977,0.0007708324701525271,0.0005012067849747837,0.9993256330490112,0.002859519561752677,0.9997846484184265,0.9177114963531494,0.33602622151374817
D:\ladidataset\ladi_v2_resized\v2\images_resized\CAP_-_Hur_Ian_Sept_2022\Source\23-1-3472\A0039c\0_000_19_147.jpg,37.98688693660052,-121.90910705681176,0.02600005827844143,0.0016482052160426974,0.0009231084841303527,0.0528506375849247,0.001063568633981049,0.0008197305141948164,0.02340511791408062,0.14751257002353668,0.009045479819178581,0.001601295080035925,0.23659151792526245,0.001148809096775949,0.06779617071151733,0.011568799614906311,0.15117141604423523
D:\ladidataset\ladi_v2_resized\v2\images_resized\9074\613727\DSC_0728_b024ec77-8c09-43ae-9cb3-6e1048f3e4bf.jpg,37.772244769296655,-121.82243563815771,0.03098844178020954,0.0026110948529094458,0.0009865331230685115,0.009929154999554157,0.0006364832515828311,0.0015779464738443494,0.003003874560818076,0.0022721479181200266,0.035687852650880814,0.0006531681283377111,0.0798506885766983,0.0028368886560201645,0.9860915541648865,0.0009105691569857299,0.9957531690597534
D:\ladidataset\ladi_v2_resized\v2\images_resized\9075\614012\A0035AP-_1e04b9fa-b83c-45ae-8024-4c4c217e3ffb.jpg,37.198715681534175,-122.48341217107216,0.012790609151124954,0.0002866577997338027,0.017376210540533066,0.9996445178985596,0.0012405076995491982,0.0010253691580146551,0.005918451119214296,0.00610164413228631,0.0002460666873957962,0.0004911831929348409,0.9996815919876099,0.0003577571187634021,0.9973611235618591,0.002181335585191846,0.059042640030384064
D:\ladidataset\ladi_v2_resized\v2\images_resized\CAP_-_Hur_Ian_Sept_2022\Source\23-1-3141\A0036\DSC_1284.JPG,37.0055221171236,-121.98790694170071,0.02326907403767109,3.091420148848556e-05,0.0003863445308525115,0.9777262806892395,1.1908382475667167e-06,5.9126614360138774e-05,0.00022180813539307564,8.677078585606068e-05,0.025474723428487778,2.2684138457407244e-05,0.9998977184295654,0.00017772664432413876,0.9999821186065674,0.0026196774560958147,0.9987887740135193
D:\ladidataset\ladi_v2_resized\v2\images_resized\CAP_-_Hur_Ian_Sept_2022\Source\23-1-3472\A0050\1_000_01_332.jpg,37.81546142845483,-122.27350422480208,0.0003043073520530015,2.2600530428462662e-05,0.002010154537856579,0.9999072551727295,0.00010361611202824861,0.00037217544740997255,0.001430029864422977,0.002465942408889532,0.0010672691278159618,1.4752719835087191e-05,0.9997976422309875,0.00017039898375514895,0.9995090961456299,0.008733351714909077,0.40002357959747314
D:\ladidataset\ladi_v2_resized\v2\images_resized\9213\618225\0_000_03ae671ac7-ef12-4611-ad23-e7fa36c5f60e.jpg,37.70685734384762,-121.85482720959055,0.024923885241150856,0.00045280891936272383,0.6713417172431946,0.9990766048431396,0.0012714953627437353,0.0037587443366646767,0.06887615472078323,0.17058192193508148,0.001154787023551762,0.0011045071296393871,0.9998859167098999,0.001764268963597715,0.999875545501709,0.6454946398735046,0.16703619062900543
D:\ladidataset\ladi_v2_resized\v2\images_resized\3045\291582\DSC_3151_dbd008f6-37d5-4365-b61f-87248a628219.jpg,37.72900716804099,-122.325633570995,0.008866769261658192,0.012143589556217194,0.0021984903141856194,0.0005120082059875131,0.0022627683356404305,0.0027174046263098717,0.0019424824276939034,0.0011994655942544341,0.05031593516469002,0.0055509936064481735,0.8049370646476746,0.04349561408162117,0.9997926354408264,0.14259539544582367,0.1778217852115631
D:\ladidataset\ladi_v2_resized\v2\images_resized\CAP_-_MS_Tornadoes_MAR_2023\Source\23-1-4838\A0008-B\1_000_01_038.jpg,37.771270346685945,-121.80906226189754,0.007731505669653416,0.00015547318616881967,0.0076730926521122456,0.9995176792144775,0.0009998216992244124,0.00016811632667668164,0.0003535255091264844,0.00036658186581917107,0.007107033394277096,0.0012093264376744628,0.9861939549446106,0.0012641479261219501,0.9997987151145935,0.017545677721500397,0.9916548728942871
D:\ladidataset\ladi_v2_resized\v2\images_resized\CAP_-_PA_Storms_Aug_2023\Source\23-C-5603\A0004_AerialNadir\1_000_00_021.jpg,37.07404465173409,-122.11326465369946,0.0011686144862324,5.651290848618373e-05,0.0005242225015535951,0.9998356103897095,9.35538046178408e-05,0.00040693505434319377,0.001788042369298637,0.0018811156041920185,0.00024316560302395374,7.214776269393042e-05,0.9988470077514648,0.000217261680518277,0.9995643496513367,0.00016763849998824298,0.9679952263832092
D:\ladidataset\ladi_v2_resized\v2\images_resized\CAP_-_Hur_Ian_Sept_2022\Source\23-1-3141\A0023\1_000_01_032.jpg,37.358465728544274,-121.56327001126328,0.002540053566917777,0.0002397268544882536,0.00010343309259042144,0.0009753449121490121,1.4477608601737302e-05,0.00039394418126903474,3.584201476769522e-05,0.00030234118457883596,0.0011921541299670935,0.00012410317140165716,0.7277325391769409,0.0013502539368346334,0.9999289512634277,0.09012215584516525,0.9999135732650757
D:\ladidataset\ladi_v2_resized\v2\images_resized\9213\618263\0_000_25adac30a3-2fce-4230-82e2-9d6cd38be970.jpg,37.11586905952513,-122.362479055854,2.8226993890712038e-05,2.197617504862137e-05,8.019850793061778e-05,0.0002488229365553707,0.000920618767850101,1.159991734311916e-05,6.260999361984432e-05,0.0014689539093524218,0.00037930734106339514,1.733185854391195e-05,0.00023184572637546808,2.61255099758273e-05,0.12602995336055756,2.0969655452063307e-05,0.5333126783370972
D:\ladidataset\ladi_v2_resized\v2\images_resized\9213\618261\1_000_1976e2a714-7127-4dfd-af92-1afeccca238f.jpg,37.86310342587559,-122.15893364894974,0.00030020877602510154,0.0005766040412709117,0.005541929975152016,0.017053229734301567,0.033744052052497864,0.005686316639184952,0.01605997420847416,0.03293882682919502,0.0010015286970883608,0.0005059007089585066,0.09741213917732239,0.0008410952868871391,0.7943302989006042,0.16771358251571655,0.1884813755750656
D:\ladidataset\ladi_v2_resized\v2\images_resized\3045\291603\A0034437_bc990cde-3a8b-4a3d-901a-66285d5f76e7.jpg,37.62329812682756,-122.3865264787594,0.011000188998878002,0.005580991506576538,0.0023759480100125074,0.007295828778296709,0.0018270217115059495,0.0009825204033404589,0.00467754527926445,0.0007035610033199191,0.005320854485034943,0.0027015528175979853,0.21180638670921326,0.008174924179911613,0.9936873316764832,0.0061215972527861595,0.017306914553046227
D:\ladidataset\ladi_v2_resized\v2\images_resized\CAP_-_TS_Nicole_Nov_2022\Source\23-1-4047\A0006\DSC_3021.JPG,37.33089802485265,-121.57530638172145,0.008778038434684277,5.7282835769001395e-05,0.010016771964728832,0.9528871774673462,0.0009699547081254423,0.0017023836262524128,0.0034111591521650553,0.0027196877636015415,0.00163257063832134,6.14908421994187e-05,0.9795441031455994,0.0004296020488254726,0.9999558925628662,0.012802175246179104,0.5464246273040771
D:\ladidataset\ladi_v2_resized\v2\images_resized\CAP_-_Hur_Ian_Sept_2022\Source\23-1-3141\A0023A\1_000_02_199.jpg,37.06355835028602,-121.62266064661902,0.0024119410663843155,1.5009280105005018e-05,0.005805817432701588,0.9990400671958923,0.0014197073178365827,0.0008029209566302598,0.009221469052135944,0.030596747994422913,0.0026416415348649025,6.521154136862606e-05,0.9999300241470337,0.00021506095072254539,0.9973878264427185,0.020677221938967705,0.08702358603477478
D:\ladidataset\ladi_v2_resized\v2\images_resized\9157\616220\DSC_8094_7e56e35a-0666-42dc-9332-9d69c2d071b9.jpg,37.31098232171566,-122.24205837228484,0.015617119148373604,0.00016788693028502166,0.03537178412079811,0.9999792575836182,2.265341936436016e-05,0.0001303968601860106,7.814128184691072e-05,0.00013887416571378708,0.008153690956532955,0.032949574291706085,0.9886177182197571,0.020543420687317848,0.9997170567512512,0.004278962034732103,0.9998928308486938
D:\ladidataset\ladi_v2_resized\v2\images_resized\CAP_-_Hur_Ian_Sept_2022\Source\23-1-3472\A0003\0_000_00_240.jpg,37.325183322026746,-121.84001595396582,0.00015988493396434933,0.0016887526726350188,0.0024125264026224613,0.9585784077644348,0.00011226363858440891,0.0010491377906873822,0.0010416662553325295,0.0006604021182283759,0.07967594265937805,0.0012501719174906611,0.997038722038269,0.0036971482913941145,0.9995866417884827,0.28025907278060913,0.3528454005718231
D:\ladidataset\ladi_v2_resized\v2\images_resized\CAP_-_TS_Nicole_Nov_2022\Source\23-1-4047\A0014\1_000_05_045.jpg,37.72960617833807,-121.6827777997988,0.0029642460867762566,0.0002787199628073722,0.00020018804934807122,0.0003031106316484511,0.00023163959849625826,0.00025397641002200544,0.0004484239616431296,0.0014005310367792845,0.003972839564085007,0.000270455697318539,0.0003401869907975197,0.0017145297024399042,0.056990526616573334,0.0005286895320750773,0.9856072664260864
D:\ladidataset\ladi_v2_resized\v2\images_resized\9213\618252\0_000_115418db45-09dd-432e-abef-a59cd5f1f51c.jpg,37.637557471355215,-121.94479918840054,0.444823682308197,0.0012119394959881902,0.9456672072410583,0.9983313679695129,0.0012307028518989682,0.01717686839401722,0.4402008354663849,0.4869396686553955,0.03198712691664696,0.00625253701582551,0.9988090991973877,0.005647799465805292,0.999998927116394,0.9990941286087036,0.9999727010726929
D:\ladidataset\ladi_v2_resized\v2\images_resized\CAP_-_Hur_Ian_Sept_2022\Source\23-1-3472\A0045\0_000_12_081.jpg,37.88721274257632,-121.970349421644,0.0010868608951568604,0.0023358871694654226,0.000528644653968513,0.001207466353662312,0.0011022824328392744,0.0015611887210980058,0.0025751744396984577,0.001856358372606337,0.03759065642952919,0.006707785651087761,0.023030847311019897,0.0051717874594032764,0.9997696280479431,0.08439777046442032,0.014814705587923527
D:\ladidataset\ladi_v2_resized\v2\images_resized\CAP_-_Hur_Ian_Sept_2022\Source\23-1-3472\A0008\1_000_05_282.jpg,37.47221492516195,-122.25814770909956,0.0016473665600642562,0.00011013439507223666,0.022837480530142784,0.9998082518577576,0.0013787695206701756,0.006770244333893061,0.004675343167036772,0.005861232988536358,0.005631626583635807,5.548109766095877e-05,0.9998279809951782,0.0010058464249596,0.9987885355949402,0.002527406206354499,0.9973316192626953
D:\ladidataset\ladi_v2_resized\v2\images_resized\CAP_-_KY_Flooding_July_2022\Source\22-1-5611\A0027\0_000_03_086.jpg,37.1195942459383,-122.4068972321941,0.02935830131173134,0.0002959201519843191,0.0009804831352084875,0.9993093013763428,0.0004131313180550933,0.0021185483783483505,0.0004986765561625361,0.001964998198673129,0.029998645186424255,0.0004706451727543026,0.9995272159576416,0.0002769542043097317,0.9986421465873718,0.0011797723127529025,0.960411012172699
D:\ladidataset\ladi_v2_resized\v2\images_resized\CAP_-_Hur_Ian_Sept_2022\Source\23-1-3141\A0001\1_000_03_199.jpg,37.713244787223,-121.60278424204668,0.0004596523358486593,0.00015483346942346543,0.012994515709578991,0.9403215646743774,0.000820572255179286,0.00019280794367659837,0.011150368489325047,0.001025799079798162,0.03401729837059975,0.00758353341370821,0.9993746876716614,0.031136715784668922,0.9911940693855286,0.0012128794332966208,0.031981322914361954
D:\ladidataset\ladi_v2_resized\v2\images_resized\3042\291544\DSC_0756_d007b51d-f06d-4ed5-906f-7d88d3cba40b.jpg,37.760785048616896,-121.59958194283666,0.007793371099978685,6.334603676805273e-05,6.710069283144549e-05,0.9576348066329956,1.1657250979624223e-05,0.00018120752065442502,8.625615737400949e-05,9.196802420774475e-05,0.010353263467550278,0.00036326301051303744,0.6566566824913025,0.0026458308566361666,0.9998757839202881,0.0011067447485402226,0.9999938011169434
D:\ladidataset\ladi_v2_resized\v2\images_resized\3042\291501\DSC_0272_243257e7-5acc-49cf-9457-4dc10996bbfb.jpg,37.561277197569495,-121.86689854272672,0.31917503476142883,7.487307448172942e-05,0.0008916554506868124,0.9994657635688782,2.927876812464092e-05,3.012153501913417e-05,0.0006310681346803904,0.00013888328976463526,0.00015854215598665178,0.0004205571603961289,0.9997740387916565,3.2548196031711996e-05,0.9992297887802124,0.0004781021270900965,0.9999388456344604
D:\ladidataset\ladi_v2_resized\v2\images_resized\CAP_-_TS_Nicole_Nov_2022\Source\23-1-4047\A0020\0_000_04_010.jpg,37.77096717995456,-122.1609702089513,0.0001039587368723005,0.00013652884808834642,0.009036102332174778,0.8193861842155457,0.0007731391815468669,0.00279696355573833,0.008295669220387936,0.015967683866620064,0.04735683649778366,0.0030725656542927027,0.0007317714625969529,0.0013645217986777425,0.9823393225669861,0.4990050494670868,0.999988317489624
D:\ladidataset\ladi_v2_resized\v2\images_resized\9213\618290\1_000_04a9d65934-818f-4965-bde1-72dea7c00bf2.jpg,37.49379559636439,-122.15079042538734,0.043281372636556625,0.0013295700773596764,0.013715144246816635,0.5946393609046936,0.013146822340786457,0.0013213991187512875,0.002341541228815913,0.002933655632659793,0.012832704931497574,0.0015777257503941655,0.9996676445007324,0.01883036270737648,0.9999860525131226,0.6462721228599548,0.9944261312484741
D:\ladidataset\ladi_v2_resized\v2\images_resized\CAP_-_MS_Tornadoes_MAR_2023\Source\23-1-4838\A0008-C\0_000_02_043.jpg,37.522732829382,-121.77404432112976,0.009183608926832676,0.0018440515268594027,0.002259284956380725,0.04558314383029938,0.0005287091480568051,0.0013922466896474361,0.001408408978022635,0.007829123176634312,0.0010302156442776322,0.0005925416480749846,0.9049520492553711,0.04296933859586716,0.9943801760673523,0.8533017635345459,0.117666095495224
D:\ladidataset\ladi_v2_resized\v2\images_resized\9074\613769\DSC_6403_b8cf7b20-b1b7-40c0-96bd-cbca73ce1d4b.jpg,37.42754101835855,-121.60288974004742,0.01540141087025404,0.0011737579479813576,0.036713484674692154,0.03434653952717781,0.00034829549258574843,0.0013163809198886156,0.014197137206792831,0.000986246857792139,0.02150597982108593,0.014668195508420467,0.04385025054216385,0.0008766387472860515,0.9406545758247375,0.11146026104688644,0.9981045722961426
D:\ladidataset\ladi_v2_resized\v2\images_resized\9213\618242\1_000_028224d4b6-e6da-4f1b-8f5b-c1ff0d425591.jpg,37.0254191267441,-121.61291357573488,0.40866515040397644,0.0003958743764087558,0.0003580162301659584,0.037501879036426544,0.0005331874126568437,0.0006930127274245024,0.0015159379690885544,0.002902969950810075,0.05694091320037842,0.0012151534901931882,0.975823163986206,0.002602692460641265,0.9995328187942505,0.9683682322502136,0.9671176075935364
D:\ladidataset\ladi_v2_resized\v2\images_resized\CAP_-_HI_Wildfires_Aug_2023\Source\23-C-5605\A0002_WALDO_AerialNadir\0_000_00_003.jpg,37.107891426993305,-121.72012445414238,0.010621418245136738,0.0019979483913630247,0.002610695082694292,0.9844669103622437,0.014018922112882137,0.0005446684081107378,0.01989317685365677,0.0021547875367105007,0.00026185254682786763,0.00036887452006340027,0.6411221623420715,0.0003452894161455333,0.979386031627655,0.0006235235487110913,0.0510222353041172
